{
  "containers": {
    "main-container": {
      "portrait": {
        "x": 0.5,
        "y": 0.5,
        "width": 1,
        "height": 1
      },
      "landscape": {
        "x": 0.5,
        "y": 0.5,
        "width": 1,
        "height": 1
      },
      "assets": {
        "e617f457-3095-4c5f-9930-66461af94d76": {
          "id": "e617f457-3095-4c5f-9930-66461af94d76",
          "name": "bg-bright",
          "type": "image",
          "key": "bg-bright",
          "portrait": {
            "position": {
              "reference": "container",
              "x": 0,
              "y": 0
            },
            "size": {
              "width": 1,
              "height": 1
            },
            "origin": {
              "x": 0.5,
              "y": 0.5
            },
            "scaleMode": "fill",
            "maintainAspectRatio": true,
            "rotation": 0,
            "isVisible": true
          },
          "landscape": {
            "position": {
              "reference": "container",
              "x": 0,
              "y": 0
            },
            "size": {
              "width": 1,
              "height": 1
            },
            "origin": {
              "x": 0.5,
              "y": 0.5
            },
            "scaleMode": "fill",
            "maintainAspectRatio": true,
            "rotation": 0,
            "isVisible": true
          }
        },
        "f38c23ab-4109-4df9-b499-16cc2070da7f": {
          "id": "f38c23ab-4109-4df9-b499-16cc2070da7f",
          "name": "bg-dark",
          "type": "image",
          "key": "bg-dark",
          "portrait": {
            "position": {
              "reference": "container",
              "x": 0,
              "y": 0
            },
            "size": {
              "width": 1,
              "height": 1
            },
            "origin": {
              "x": 0.5,
              "y": 0.5
            },
            "scaleMode": "fill",
            "maintainAspectRatio": true,
            "rotation": 0,
            "isVisible": false
          },
          "landscape": {
            "position": {
              "reference": "container",
              "x": 0,
              "y": 0
            },
            "size": {
              "width": 1,
              "height": 1
            },
            "origin": {
              "x": 0.5,
              "y": 0.5
            },
            "scaleMode": "fill",
            "maintainAspectRatio": true,
            "rotation": 0,
            "isVisible": false
          }
        },
        "6047c33b-d88d-46d4-b82f-c42c97954c34": {
          "id": "6047c33b-d88d-46d4-b82f-c42c97954c34",
          "name": "find-object1",
          "type": "image",
          "key": "find-object1",
          "portrait": {
            "position": {
              "reference": "e617f457-3095-4c5f-9930-66461af94d76",
              "x": -0.06899550224887553,
              "y": 0.06521739130434782
            },
            "size": {
              "width": 0.18000000000000002,
              "height": 0.15
            },
            "origin": {
              "x": 0.5,
              "y": 0.5
            },
            "scaleMode": "fit",
            "maintainAspectRatio": true,
            "rotation": 0,
            "isVisible": true
          },
          "landscape": {
            "position": {
              "reference": "e617f457-3095-4c5f-9930-66461af94d76",
              "x": -0.10869565217391304,
              "y": 0.08833783108445778
            },
            "size": {
              "width": 0.49,
              "height": 0.1599999999999997
            },
            "origin": {
              "x": 0.5,
              "y": 0.5
            },
            "scaleMode": "fit",
            "maintainAspectRatio": true,
            "rotation": 0,
            "isVisible": true
          }
        },
        "68c1740d-675c-4a5b-97a7-4de42131587d": {
          "id": "68c1740d-675c-4a5b-97a7-4de42131587d",
          "name": "find-object2",
          "type": "image",
          "key": "find-object2",
          "portrait": {
            "position": {
              "reference": "e617f457-3095-4c5f-9930-66461af94d76",
              "x": -0.11850674662668667,
              "y": 0.1671664167916042
            },
            "size": {
              "width": 0.20000000000000004,
              "height": 0.19000000000000003
            },
            "origin": {
              "x": 0.5,
              "y": 0.5
            },
            "scaleMode": "fit",
            "maintainAspectRatio": true,
            "rotation": 0,
            "isVisible": true
          },
          "landscape": {
            "position": {
              "reference": "e617f457-3095-4c5f-9930-66461af94d76",
              "x": -0.11019490254872563,
              "y": 0.22819590204897558
            },
            "size": {
              "width": 0.49,
              "height": 0.2699999999999998
            },
            "origin": {
              "x": 0.5,
              "y": 0.5
            },
            "scaleMode": "fit",
            "maintainAspectRatio": true,
            "rotation": 0,
            "isVisible": true
          }
        },
        "7129f939-1389-40fe-b889-6841b143d05f": {
          "id": "7129f939-1389-40fe-b889-6841b143d05f",
          "name": "find-object3",
          "type": "image",
          "key": "find-object3",
          "portrait": {
            "position": {
              "reference": "e617f457-3095-4c5f-9930-66461af94d76",
              "x": 0.027176411794102948,
              "y": -0.20314842578710646
            },
            "size": {
              "width": 0.15,
              "height": 0.13999999999999999
            },
            "origin": {
              "x": 0.5,
              "y": 0.5
            },
            "scaleMode": "fit",
            "maintainAspectRatio": true,
            "rotation": 180,
            "isVisible": true
          },
          "landscape": {
            "position": {
              "reference": "e617f457-3095-4c5f-9930-66461af94d76",
              "x": 0.01725637181409294,
              "y": -0.10160719640179909
            },
            "size": {
              "width": 0.45999999999999996,
              "height": 0.1599999999999997
            },
            "origin": {
              "x": 0.5,
              "y": 0.5
            },
            "scaleMode": "fit",
            "maintainAspectRatio": true,
            "rotation": 180,
            "isVisible": true
          }
        },
        "3e32d35b-af14-45d7-b440-48e515d609af": {
          "id": "3e32d35b-af14-45d7-b440-48e515d609af",
          "name": "find-object4",
          "type": "image",
          "key": "find-object4",
          "portrait": {
            "position": {
              "reference": "e617f457-3095-4c5f-9930-66461af94d76",
              "x": -0.20090154922538728,
              "y": 0.1431784107946027
            },
            "size": {
              "width": 0.17,
              "height": 0.19000000000000003
            },
            "origin": {
              "x": 0.5,
              "y": 0.5
            },
            "scaleMode": "fit",
            "maintainAspectRatio": true,
            "rotation": 0,
            "isVisible": true
          },
          "landscape": {
            "position": {
              "reference": "e617f457-3095-4c5f-9930-66461af94d76",
              "x": -0.21812593703148428,
              "y": 0.13186406796601696
            },
            "size": {
              "width": 0.44999999999999996,
              "height": 0.1599999999999997
            },
            "origin": {
              "x": 0.5,
              "y": 0.5
            },
            "scaleMode": "fit",
            "maintainAspectRatio": true,
            "rotation": 0,
            "isVisible": true
          }
        },
        "ff3c638a-d589-40d3-a73a-fbe17671268a": {
          "id": "ff3c638a-d589-40d3-a73a-fbe17671268a",
          "name": "find-object5",
          "type": "image",
          "key": "find-object5",
          "portrait": {
            "position": {
              "reference": "e617f457-3095-4c5f-9930-66461af94d76",
              "x": -0.19190604697651173,
              "y": -0.13118440779610194
            },
            "size": {
              "width": 0.17,
              "height": 0.19000000000000003
            },
            "origin": {
              "x": 0.5,
              "y": 0.5
            },
            "scaleMode": "fit",
            "maintainAspectRatio": true,
            "rotation": 0,
            "isVisible": true
          },
          "landscape": {
            "position": {
              "reference": "e617f457-3095-4c5f-9930-66461af94d76",
              "x": -0.2106296851574213,
              "y": -0.09752123938030986
            },
            "size": {
              "width": 0.44999999999999996,
              "height": 0.1599999999999997
            },
            "origin": {
              "x": 0.5,
              "y": 0.5
            },
            "scaleMode": "fit",
            "maintainAspectRatio": true,
            "rotation": 0,
            "isVisible": true
          }
        },
        "3b30864e-b5bc-4cc5-908d-a8469c03f1f3": {
          "id": "3b30864e-b5bc-4cc5-908d-a8469c03f1f3",
          "name": "find-object6",
          "type": "image",
          "key": "find-object6",
          "portrait": {
            "position": {
              "reference": "e617f457-3095-4c5f-9930-66461af94d76",
              "x": 0.18740429785107457,
              "y": 0.11019490254872563
            },
            "size": {
              "width": 0.12999999999999998,
              "height": 0.19000000000000003
            },
            "origin": {
              "x": 0.5,
              "y": 0.5
            },
            "scaleMode": "fit",
            "maintainAspectRatio": true,
            "rotation": 0,
            "isVisible": true
          },
          "landscape": {
            "position": {
              "reference": "e617f457-3095-4c5f-9930-66461af94d76",
              "x": 0.19566716641679158,
              "y": 0.10937531234382807
            },
            "size": {
              "width": 0.4099999999999999,
              "height": 0.08999999999999969
            },
            "origin": {
              "x": 0.5,
              "y": 0.5
            },
            "scaleMode": "fit",
            "maintainAspectRatio": true,
            "rotation": 0,
            "isVisible": true
          }
        },
        "90057971-bdf3-4189-ba31-f4d3f5ac1ac6": {
          "id": "90057971-bdf3-4189-ba31-f4d3f5ac1ac6",
          "name": "hand-shadow",
          "type": "image",
          "key": "hand-shadow",
          "portrait": {
            "position": {
              "reference": "container",
              "x": -0.07866666666666666,
              "y": 0.3875562218890555
            },
            "size": {
              "width": 0.5,
              "height": 0.5
            },
            "origin": {
              "x": 0.5,
              "y": 0.5
            },
            "scaleMode": "fit",
            "maintainAspectRatio": true,
            "rotation": 0,
            "isVisible": false
          },
          "landscape": {
            "position": {
              "reference": "container",
              "x": -0.13268365817091454,
              "y": 0.36666666666666664
            },
            "size": {
              "width": 0.49,
              "height": 0.2599999999999998
            },
            "origin": {
              "x": 0.5,
              "y": 0.5
            },
            "scaleMode": "fit",
            "maintainAspectRatio": true,
            "rotation": 0,
            "isVisible": false
          }
        },
        "b23f0f2c-60a9-49f5-a853-e6940d00b58c": {
          "id": "b23f0f2c-60a9-49f5-a853-e6940d00b58c",
          "name": "palm-shadow",
          "type": "image",
          "key": "palm-shadow",
          "portrait": {
            "position": {
              "reference": "90057971-bdf3-4189-ba31-f4d3f5ac1ac6",
              "x": -0.004280474870132215,
              "y": 0.0055123631644329076
            },
            "size": {
              "width": 0.968772915272213,
              "height": 0.968772915272213
            },
            "origin": {
              "x": 0.5,
              "y": 0.5
            },
            "scaleMode": "fit",
            "maintainAspectRatio": true,
            "rotation": 0,
            "isVisible": false
          },
          "landscape": {
            "position": {
              "reference": "90057971-bdf3-4189-ba31-f4d3f5ac1ac6",
              "x": -0.017848363267758544,
              "y": 0.026923076923076703
            },
            "size": {
              "width": 0.8999999999999999,
              "height": 0.8999999999999999
            },
            "origin": {
              "x": 0.5,
              "y": 0.5
            },
            "scaleMode": "fit",
            "maintainAspectRatio": true,
            "rotation": 0,
            "isVisible": false
          }
        },
        "642ea427-31d5-4bca-914a-480a21cc27f4": {
          "id": "642ea427-31d5-4bca-914a-480a21cc27f4",
          "name": "hand",
          "type": "image",
          "key": "hand",
          "portrait": {
            "position": {
              "reference": "container",
              "x": -0.14,
              "y": 0.3995502248875562
            },
            "size": {
              "width": 0.5,
              "height": 0.5
            },
            "origin": {
              "x": 0.5,
              "y": 0.5
            },
            "scaleMode": "fit",
            "maintainAspectRatio": true,
            "rotation": 0,
            "isVisible": false
          },
          "landscape": {
            "position": {
              "reference": "container",
              "x": -0.12368815592203898,
              "y": 0.25466666666666665
            },
            "size": {
              "width": 0.5,
              "height": 0.5
            },
            "origin": {
              "x": 0.5,
              "y": 0.5
            },
            "scaleMode": "fit",
            "maintainAspectRatio": true,
            "rotation": 0,
            "isVisible": false
          }
        },
        "5675cfd7-ed0c-4884-8e9d-c8faaa8d61f7": {
          "id": "5675cfd7-ed0c-4884-8e9d-c8faaa8d61f7",
          "name": "right-palm",
          "type": "image",
          "key": "right-palm",
          "portrait": {
            "position": {
              "reference": "90057971-bdf3-4189-ba31-f4d3f5ac1ac6",
              "x": 0.18,
              "y": 0.351377777777778
            },
            "size": {
              "width": 0.5,
              "height": 0.5
            },
            "origin": {
              "x": 0.5,
              "y": 1
            },
            "scaleMode": "fit",
            "maintainAspectRatio": true,
            "rotation": 0,
            "isVisible": false
          },
          "landscape": {
            "position": {
              "reference": "90057971-bdf3-4189-ba31-f4d3f5ac1ac6",
              "x": 0.6295546558704455,
              "y": 0.12051282051282003
            },
            "size": {
              "width": 0.7999999999999999,
              "height": 0.7999999999999999
            },
            "origin": {
              "x": 0.5,
              "y": 1
            },
            "scaleMode": "fit",
            "maintainAspectRatio": true,
            "rotation": 0,
            "isVisible": false
          }
        },
        "871eb244-e5fd-418b-917f-651099aad280": {
          "id": "871eb244-e5fd-418b-917f-651099aad280",
          "name": "left-palm",
          "type": "image",
          "key": "left-palm",
          "portrait": {
            "position": {
              "reference": "90057971-bdf3-4189-ba31-f4d3f5ac1ac6",
              "x": -0.16666666666666666,
              "y": 0.27031111111111134
            },
            "size": {
              "width": 0.6,
              "height": 0.6
            },
            "origin": {
              "x": 0.5,
              "y": 1
            },
            "scaleMode": "fit",
            "maintainAspectRatio": true,
            "rotation": 0,
            "isVisible": false
          },
          "landscape": {
            "position": {
              "reference": "90057971-bdf3-4189-ba31-f4d3f5ac1ac6",
              "x": -0.034412955465587536,
              "y": -0.0025641025641031496
            },
            "size": {
              "width": 1.0999999999999999,
              "height": 1.0999999999999999
            },
            "origin": {
              "x": 0.5,
              "y": 1
            },
            "scaleMode": "fit",
            "maintainAspectRatio": true,
            "rotation": 0,
            "isVisible": false
          }
        },
        "56b9fd65-191d-42a5-8467-6d926015004b": {
          "id": "56b9fd65-191d-42a5-8467-6d926015004b",
          "name": "spider-thread",
          "type": "image",
          "key": "spider-thread",
          "portrait": {
            "position": {
              "reference": "e617f457-3095-4c5f-9930-66461af94d76",
              "x": -0.20539730134932535,
              "y": 0.04047976011994003
            },
            "size": {
              "width": 0.10000000000000003,
              "height": 0.10000000000000003
            },
            "origin": {
              "x": 0.5,
              "y": 0
            },
            "scaleMode": "fit",
            "maintainAspectRatio": true,
            "rotation": 0,
            "isVisible": false
          },
          "landscape": {
            "position": {
              "reference": "e617f457-3095-4c5f-9930-66461af94d76",
              "x": -0.22488755622188905,
              "y": 0.044977511244377814
            },
            "size": {
              "width": 0.11,
              "height": 0.11
            },
            "origin": {
              "x": 0.5,
              "y": 0
            },
            "scaleMode": "fit",
            "maintainAspectRatio": true,
            "rotation": 0,
            "isVisible": false
          }
        },
        "338cc77d-790e-45c1-8bc4-443c441bfca4": {
          "id": "338cc77d-790e-45c1-8bc4-443c441bfca4",
          "name": "spider",
          "type": "image",
          "key": "spider",
          "portrait": {
            "position": {
              "reference": "56b9fd65-191d-42a5-8467-6d926015004b",
              "x": 0,
              "y": 0.8599999999999999
            },
            "size": {
              "width": 1,
              "height": 1
            },
            "origin": {
              "x": 0.5,
              "y": 0
            },
            "scaleMode": "fit",
            "maintainAspectRatio": true,
            "rotation": 0,
            "isVisible": false
          },
          "landscape": {
            "position": {
              "reference": "56b9fd65-191d-42a5-8467-6d926015004b",
              "x": 0,
              "y": 0.8899999999999999
            },
            "size": {
              "width": 1,
              "height": 1
            },
            "origin": {
              "x": 0.5,
              "y": 0
            },
            "scaleMode": "fit",
            "maintainAspectRatio": true,
            "rotation": 0,
            "isVisible": false
          }
        },
        "a0835b39-6707-4530-8f4d-639927bab6cf": {
          "id": "a0835b39-6707-4530-8f4d-639927bab6cf",
          "name": "lamp-highlight",
          "type": "image",
          "key": "lamp-highlight",
          "portrait": {
            "position": {
              "reference": "e617f457-3095-4c5f-9930-66461af94d76",
              "x": 0.17991004497751126,
              "y": 0.047976011994003
            },
            "size": {
              "width": 0.20000000000000004,
              "height": 0.20000000000000004
            },
            "origin": {
              "x": 0.5,
              "y": 0.5
            },
            "scaleMode": "fit",
            "maintainAspectRatio": true,
            "rotation": 0,
            "isVisible": false
          },
          "landscape": {
            "position": {
              "reference": "e617f457-3095-4c5f-9930-66461af94d76",
              "x": 0.18140929535232383,
              "y": -0.013493253373313344
            },
            "size": {
              "width": 0.20000000000000004,
              "height": 0.20000000000000004
            },
            "origin": {
              "x": 0.5,
              "y": 0.5
            },
            "scaleMode": "fit",
            "maintainAspectRatio": true,
            "rotation": 0,
            "isVisible": false
          }
        },
        "2a582e37-6d2e-4d95-a0e4-4bfc3b000675": {
          "id": "2a582e37-6d2e-4d95-a0e4-4bfc3b000675",
          "name": "orange-lightballs1",
          "type": "image",
          "key": "orange-lightballs1",
          "portrait": {
            "position": {
              "reference": "e617f457-3095-4c5f-9930-66461af94d76",
              "x": -0.3718140929535233,
              "y": -0.3538230884557721
            },
            "size": {
              "width": 0.5,
              "height": 0.5
            },
            "origin": {
              "x": 0.5,
              "y": 0.5
            },
            "scaleMode": "fit",
            "maintainAspectRatio": true,
            "rotation": 180,
            "isVisible": false
          },
          "landscape": {
            "position": {
              "reference": "e617f457-3095-4c5f-9930-66461af94d76",
              "x": -0.3628185907046477,
              "y": -0.2863568215892054
            },
            "size": {
              "width": 0.5,
              "height": 0.5
            },
            "origin": {
              "x": 0.5,
              "y": 0.5
            },
            "scaleMode": "fit",
            "maintainAspectRatio": true,
            "rotation": 180,
            "isVisible": false
          }
        },
        "c0716ca5-3fe6-45d4-a488-8d98070f328c": {
          "id": "c0716ca5-3fe6-45d4-a488-8d98070f328c",
          "name": "orange-lightballs2",
          "type": "image",
          "key": "orange-lightballs2",
          "portrait": {
            "position": {
              "reference": "e617f457-3095-4c5f-9930-66461af94d76",
              "x": -0.3718140929535233,
              "y": -0.3538230884557721
            },
            "size": {
              "width": 0.5,
              "height": 0.5
            },
            "origin": {
              "x": 0.5,
              "y": 0.5
            },
            "scaleMode": "fit",
            "maintainAspectRatio": true,
            "rotation": 180,
            "isVisible": false
          },
          "landscape": {
            "position": {
              "reference": "e617f457-3095-4c5f-9930-66461af94d76",
              "x": -0.4587706146926537,
              "y": -0.2863568215892054
            },
            "size": {
              "width": 0.5,
              "height": 0.5
            },
            "origin": {
              "x": 0.5,
              "y": 0.5
            },
            "scaleMode": "fit",
            "maintainAspectRatio": true,
            "rotation": 180,
            "isVisible": false
          }
        },
        "4bf08a9a-4e85-47bc-840b-c4fffb33ac53": {
          "id": "4bf08a9a-4e85-47bc-840b-c4fffb33ac53",
          "name": "horror-character",
          "type": "image",
          "key": "horror-character",
          "portrait": {
            "position": {
              "reference": "e617f457-3095-4c5f-9930-66461af94d76",
              "x": -0.24437781109445278,
              "y": -0.18394302848575708
            },
            "size": {
              "width": 0.20000000000000004,
              "height": 0.20000000000000004
            },
            "origin": {
              "x": 0.5,
              "y": 0.5
            },
            "scaleMode": "fit",
            "maintainAspectRatio": true,
            "rotation": 0,
            "isVisible": false
          },
          "landscape": {
            "position": {
              "reference": "e617f457-3095-4c5f-9930-66461af94d76",
              "x": -0.33283358320839584,
              "y": -0.1998950524737631
            },
            "size": {
              "width": 0.20000000000000004,
              "height": 0.20000000000000004
            },
            "origin": {
              "x": 0.5,
              "y": 0.5
            },
            "scaleMode": "fit",
            "maintainAspectRatio": true,
            "rotation": 0,
            "isVisible": false
          }
        },
        "b2130043-b8d6-43f9-8bba-6ffd1ff454ed": {
          "id": "b2130043-b8d6-43f9-8bba-6ffd1ff454ed",
          "name": "orange-light",
          "type": "image",
          "key": "orange-light",
          "portrait": {
            "position": {
              "reference": "e617f457-3095-4c5f-9930-66461af94d76",
              "x": -0.1679160419790105,
              "y": -0.16041979010494753
            },
            "size": {
              "width": 0.5,
              "height": 0.5
            },
            "origin": {
              "x": 0.5,
              "y": 0.5
            },
            "scaleMode": "fit",
            "maintainAspectRatio": true,
            "rotation": 0,
            "isVisible": false
          },
          "landscape": {
            "position": {
              "reference": "e617f457-3095-4c5f-9930-66461af94d76",
              "x": -0.3373313343328336,
              "y": -0.13193403298350825
            },
            "size": {
              "width": 0.5,
              "height": 0.5
            },
            "origin": {
              "x": 0.5,
              "y": 0.5
            },
            "scaleMode": "fit",
            "maintainAspectRatio": true,
            "rotation": 0,
            "isVisible": false
          }
        },
        "b37d966f-e118-4879-8f86-a3a58f1f564e": {
          "id": "b37d966f-e118-4879-8f86-a3a58f1f564e",
          "name": "orange-light2",
          "type": "image",
          "key": "orange-light2",
          "portrait": {
            "position": {
              "reference": "e617f457-3095-4c5f-9930-66461af94d76",
              "x": -0.1664167916041979,
              "y": -0.20239880059970014
            },
            "size": {
              "width": 0.30000000000000004,
              "height": 0.30000000000000004
            },
            "origin": {
              "x": 0.5,
              "y": 0.5
            },
            "scaleMode": "fit",
            "maintainAspectRatio": true,
            "rotation": 0,
            "isVisible": false
          },
          "landscape": {
            "position": {
              "reference": "e617f457-3095-4c5f-9930-66461af94d76",
              "x": -0.3343328335832084,
              "y": -0.18290854572713644
            },
            "size": {
              "width": 0.20000000000000004,
              "height": 0.20000000000000004
            },
            "origin": {
              "x": 0.5,
              "y": 0.5
            },
            "scaleMode": "fit",
            "maintainAspectRatio": true,
            "rotation": 0,
            "isVisible": false
          }
        },
        "51570166-5875-4221-9be7-3361ed112b0a": {
          "id": "51570166-5875-4221-9be7-3361ed112b0a",
          "name": "blood",
          "type": "image",
          "key": "blood",
          "portrait": {
            "position": {
              "reference": "e617f457-3095-4c5f-9930-66461af94d76",
              "x": -0.24287856071964017,
              "y": -0.2623688155922039
            },
            "size": {
              "width": 0.21000000000000005,
              "height": 0.21000000000000005
            },
            "origin": {
              "x": 0.5,
              "y": 0.5
            },
            "scaleMode": "fit",
            "maintainAspectRatio": true,
            "rotation": 0,
            "isVisible": false
          },
          "landscape": {
            "position": {
              "reference": "e617f457-3095-4c5f-9930-66461af94d76",
              "x": -0.383808095952024,
              "y": -0.18590704647676162
            },
            "size": {
              "width": 0.20000000000000004,
              "height": 0.20000000000000004
            },
            "origin": {
              "x": 0.5,
              "y": 0.5
            },
            "scaleMode": "fit",
            "maintainAspectRatio": true,
            "rotation": 0,
            "isVisible": false
          }
        },
        "e5ae09b1-669d-41aa-9037-29e78ec87102": {
          "id": "e5ae09b1-669d-41aa-9037-29e78ec87102",
          "name": "lightning",
          "type": "image",
          "key": "lightning",
          "portrait": {
            "position": {
              "reference": "e617f457-3095-4c5f-9930-66461af94d76",
              "x": 0.12593703148425786,
              "y": -0.5097451274362819
            },
            "size": {
              "width": 0.2,
              "height": 0.2
            },
            "origin": {
              "x": 0,
              "y": 0
            },
            "scaleMode": "fit",
            "maintainAspectRatio": true,
            "rotation": 0,
            "isVisible": false
          },
          "landscape": {
            "position": {
              "reference": "e617f457-3095-4c5f-9930-66461af94d76",
              "x": 0.12593703148425786,
              "y": -0.2908545727136432
            },
            "size": {
              "width": 0.2,
              "height": 0.2
            },
            "origin": {
              "x": 0,
              "y": 0
            },
            "scaleMode": "fit",
            "maintainAspectRatio": true,
            "rotation": 0,
            "isVisible": false
          }
        },
        "d984083f-23f0-4a34-b547-6cd9bb5a5f19": {
          "id": "d984083f-23f0-4a34-b547-6cd9bb5a5f19",
          "name": "bg-rabbit",
          "type": "image",
          "key": "bg-rabbit",
          "portrait": {
            "position": {
              "reference": "container",
              "x": 0,
              "y": 0
            },
            "size": {
              "width": 1,
              "height": 1
            },
            "origin": {
              "x": 0.5,
              "y": 0.5
            },
            "scaleMode": "fill",
            "maintainAspectRatio": true,
            "rotation": 0,
            "isVisible": false
          },
          "landscape": {
            "position": {
              "reference": "container",
              "x": 0,
              "y": 0
            },
            "size": {
              "width": 1,
              "height": 1
            },
            "origin": {
              "x": 0.5,
              "y": 0.5
            },
            "scaleMode": "fill",
            "maintainAspectRatio": true,
            "rotation": 0,
            "isVisible": false
          }
        },
        "68aa7eec-bf26-40d2-8e11-539e6ecd74af": {
          "id": "68aa7eec-bf26-40d2-8e11-539e6ecd74af",
          "name": "logo",
          "type": "image",
          "key": "logo",
          "portrait": {
            "position": {
              "reference": "container",
              "x": -0.37866666666666665,
              "y": -0.43478260869565216
            },
            "size": {
              "width": 0.20000000000000004,
              "height": 0.20000000000000004
            },
            "origin": {
              "x": 0.5,
              "y": 0.5
            },
            "scaleMode": "fit",
            "maintainAspectRatio": true,
            "rotation": 0,
            "isVisible": true
          },
          "landscape": {
            "position": {
              "reference": "container",
              "x": -0.4362818590704648,
              "y": -0.3973333333333333
            },
            "size": {
              "width": 0.12000000000000004,
              "height": 0.15000000000000005
            },
            "origin": {
              "x": 0.5,
              "y": 0.5
            },
            "scaleMode": "fit",
            "maintainAspectRatio": true,
            "rotation": 0,
            "isVisible": true
          }
        },
        "0b4ee360-a665-4422-8691-cd0e1622547e": {
          "id": "0b4ee360-a665-4422-8691-cd0e1622547e",
          "name": "seek-find-text",
          "type": "image",
          "key": "seek-find-text",
          "portrait": {
            "position": {
              "reference": "container",
              "x": -0.05733333333333333,
              "y": -0.4325337331334333
            },
            "size": {
              "width": 0.4099999999999999,
              "height": 0.5
            },
            "origin": {
              "x": 0.5,
              "y": 0.5
            },
            "scaleMode": "fit",
            "maintainAspectRatio": true,
            "rotation": 0,
            "isVisible": true
          },
          "landscape": {
            "position": {
              "reference": "container",
              "x": -0.2766116941529235,
              "y": -0.396
            },
            "size": {
              "width": 0.21999999999999995,
              "height": 0.21999999999999995
            },
            "origin": {
              "x": 0.5,
              "y": 0.5
            },
            "scaleMode": "fit",
            "maintainAspectRatio": true,
            "rotation": 0,
            "isVisible": true
          }
        }
      }
    }
  }
}