{
  "containers": {
    "main-container": {
      "portrait": {
        "x": 0.5,
        "y": 0.5,
        "width": 1,
        "height": 1
      },
      "landscape": {
        "x": 0.5,
        "y": 0.5,
        "width": 1,
        "height": 1
      },
      "assets": {
        "977537e8-1297-4059-bf51-e983ecb7a4a0": {
          "id": "977537e8-1297-4059-bf51-e983ecb7a4a0",
          "name": "bg",
          "type": "image",
          "key": "bg",
          "portrait": {
            "position": {
              "reference": "container",
              "x": 0,
              "y": 0
            },
            "size": {
              "width": 1,
              "height": 1
            },
            "origin": {
              "x": 0.5,
              "y": 0.5
            },
            "scaleMode": "fill",
            "maintainAspectRatio": true,
            "rotation": 0,
            "isVisible": true
          },
          "landscape": {
            "position": {
              "reference": "container",
              "x": 0,
              "y": 0
            },
            "size": {
              "width": 1,
              "height": 1
            },
            "origin": {
              "x": 0.5,
              "y": 0.5
            },
            "scaleMode": "fill",
            "maintainAspectRatio": true,
            "rotation": 0,
            "isVisible": true
          }
        },
        "6804d143-c8f3-439a-af20-d01b42d21f55": {
          "id": "6804d143-c8f3-439a-af20-d01b42d21f55",
          "name": "lock1",
          "type": "image",
          "key": "lock",
          "portrait": {
            "position": {
              "reference": "977537e8-1297-4059-bf51-e983ecb7a4a0",
              "x": -0.05052473763118439,
              "y": -0.17316341829085458
            },
            "size": {
              "width": 0.09000000000000008,
              "height": 0.08000000000000008
            },
            "origin": {
              "x": 0.5,
              "y": 0.5
            },
            "scaleMode": "fit",
            "maintainAspectRatio": true,
            "rotation": 0,
            "isVisible": true
          },
          "landscape": {
            "position": {
              "reference": "977537e8-1297-4059-bf51-e983ecb7a4a0",
              "x": -0.05172413793103448,
              "y": -0.16790604697651176
            },
            "size": {
              "width": 0.19000000000000003,
              "height": 0.08
            },
            "origin": {
              "x": 0.5,
              "y": 0.5
            },
            "scaleMode": "fit",
            "maintainAspectRatio": true,
            "rotation": 0,
            "isVisible": true
          }
        },
        "7d980bf9-456a-45b7-a9a7-7ac2db09d641": {
          "id": "7d980bf9-456a-45b7-a9a7-7ac2db09d641",
          "name": "lock2",
          "type": "image",
          "key": "lock",
          "portrait": {
            "position": {
              "reference": "977537e8-1297-4059-bf51-e983ecb7a4a0",
              "x": -0.05052473763118439,
              "y": -0.10316341829085456
            },
            "size": {
              "width": 0.09000000000000008,
              "height": 0.08000000000000008
            },
            "origin": {
              "x": 0.5,
              "y": 0.5
            },
            "scaleMode": "fit",
            "maintainAspectRatio": true,
            "rotation": 0,
            "isVisible": true
          },
          "landscape": {
            "position": {
              "reference": "977537e8-1297-4059-bf51-e983ecb7a4a0",
              "x": -0.05172413793103448,
              "y": -0.09790604697651174
            },
            "size": {
              "width": 0.19000000000000003,
              "height": 0.08
            },
            "origin": {
              "x": 0.5,
              "y": 0.5
            },
            "scaleMode": "fit",
            "maintainAspectRatio": true,
            "rotation": 0,
            "isVisible": true
          }
        },
        "669ffeba-c6f5-4aeb-b030-f4eb6e5a587c": {
          "id": "669ffeba-c6f5-4aeb-b030-f4eb6e5a587c",
          "name": "lock3",
          "type": "image",
          "key": "lock",
          "portrait": {
            "position": {
              "reference": "977537e8-1297-4059-bf51-e983ecb7a4a0",
              "x": -0.05052473763118439,
              "y": -0.023163418290854568
            },
            "size": {
              "width": 0.09000000000000008,
              "height": 0.08000000000000008
            },
            "origin": {
              "x": 0.5,
              "y": 0.5
            },
            "scaleMode": "fit",
            "maintainAspectRatio": true,
            "rotation": 0,
            "isVisible": true
          },
          "landscape": {
            "position": {
              "reference": "977537e8-1297-4059-bf51-e983ecb7a4a0",
              "x": -0.05172413793103448,
              "y": -0.02790604697651175
            },
            "size": {
              "width": 0.19000000000000003,
              "height": 0.08
            },
            "origin": {
              "x": 0.5,
              "y": 0.5
            },
            "scaleMode": "fit",
            "maintainAspectRatio": true,
            "rotation": 0,
            "isVisible": true
          }
        },
        "5f5c796b-4492-4a75-a9e2-0d99ff5d868c": {
          "id": "5f5c796b-4492-4a75-a9e2-0d99ff5d868c",
          "name": "lock4",
          "type": "image",
          "key": "lock",
          "portrait": {
            "position": {
              "reference": "977537e8-1297-4059-bf51-e983ecb7a4a0",
              "x": -0.05052473763118439,
              "y": 0.04683658170914544
            },
            "size": {
              "width": 0.09000000000000008,
              "height": 0.08000000000000008
            },
            "origin": {
              "x": 0.5,
              "y": 0.5
            },
            "scaleMode": "fit",
            "maintainAspectRatio": true,
            "rotation": 0,
            "isVisible": true
          },
          "landscape": {
            "position": {
              "reference": "977537e8-1297-4059-bf51-e983ecb7a4a0",
              "x": -0.05172413793103448,
              "y": 0.05209395302348826
            },
            "size": {
              "width": 0.19000000000000003,
              "height": 0.08
            },
            "origin": {
              "x": 0.5,
              "y": 0.5
            },
            "scaleMode": "fit",
            "maintainAspectRatio": true,
            "rotation": 0,
            "isVisible": true
          }
        },
        "ceb4810a-354f-44fd-ba1e-267dbd7a0d31": {
          "id": "ceb4810a-354f-44fd-ba1e-267dbd7a0d31",
          "name": "shelf",
          "type": "image",
          "key": "shelf",
          "portrait": {
            "position": {
              "reference": "977537e8-1297-4059-bf51-e983ecb7a4a0",
              "x": -0.1460029985007496,
              "y": -0.009745127436281859
            },
            "size": {
              "width": 0.5,
              "height": 0.6400000000000001
            },
            "origin": {
              "x": 0.5,
              "y": 0.5
            },
            "scaleMode": "fit",
            "maintainAspectRatio": true,
            "rotation": 0,
            "isVisible": true
          },
          "landscape": {
            "position": {
              "reference": "977537e8-1297-4059-bf51-e983ecb7a4a0",
              "x": -0.1701649175412294,
              "y": -0.023733133433283378
            },
            "size": {
              "width": 0.54,
              "height": 0.6200000000000001
            },
            "origin": {
              "x": 0.5,
              "y": 0.5
            },
            "scaleMode": "fit",
            "maintainAspectRatio": true,
            "rotation": 0,
            "isVisible": true
          }
        },
        "13448727-c03a-429d-9327-cef0c4cfbccd": {
          "id": "13448727-c03a-429d-9327-cef0c4cfbccd",
          "name": "logo",
          "type": "image",
          "key": "logo",
          "portrait": {
            "position": {
              "reference": "container",
              "x": 0.006666666666666667,
              "y": -0.43553223388305845
            },
            "size": {
              "width": 0.19999999999999973,
              "height": 0.5
            },
            "origin": {
              "x": 0.5,
              "y": 0.5
            },
            "scaleMode": "fit",
            "maintainAspectRatio": true,
            "rotation": 0,
            "isVisible": true
          },
          "landscape": {
            "position": {
              "reference": "container",
              "x": 0.3545727136431784,
              "y": -0.22533333333333333
            },
            "size": {
              "width": 0.45999999999999996,
              "height": 0.1699999999999997
            },
            "origin": {
              "x": 0.5,
              "y": 0.5
            },
            "scaleMode": "fit",
            "maintainAspectRatio": true,
            "rotation": 0,
            "isVisible": true
          }
        },
        "8bf2bfac-526f-4ccd-bff1-2747d168d1d0": {
          "id": "8bf2bfac-526f-4ccd-bff1-2747d168d1d0",
          "name": "seek-find-text",
          "type": "image",
          "key": "seek-find-text",
          "portrait": {
            "position": {
              "reference": "container",
              "x": 0.004,
              "y": -0.3350824587706147
            },
            "size": {
              "width": 0.5,
              "height": 0.5
            },
            "origin": {
              "x": 0.5,
              "y": 0.5
            },
            "scaleMode": "fit",
            "maintainAspectRatio": true,
            "rotation": 0,
            "isVisible": true
          },
          "landscape": {
            "position": {
              "reference": "container",
              "x": 0.34407796101949023,
              "y": -0.06533333333333333
            },
            "size": {
              "width": 0.22999999999999976,
              "height": 0.5
            },
            "origin": {
              "x": 0.5,
              "y": 0.5
            },
            "scaleMode": "fit",
            "maintainAspectRatio": true,
            "rotation": 0,
            "isVisible": true
          }
        },
        "ae3965fc-9d03-45bc-bed8-d6eed1db6f6c": {
          "id": "ae3965fc-9d03-45bc-bed8-d6eed1db6f6c",
          "name": "pointer",
          "type": "image",
          "key": "pointer",
          "portrait": {
            "position": {
              "reference": "container",
              "x": 0.14,
              "y": -0.021739130434782608
            },
            "size": {
              "width": 0.1699999999999999,
              "height": 0.19999999999999993
            },
            "origin": {
              "x": 0.5,
              "y": 0.5
            },
            "scaleMode": "fit",
            "maintainAspectRatio": true,
            "rotation": 0,
            "isVisible": false
          },
          "landscape": {
            "position": {
              "reference": "container",
              "x": 0.03523238380809595,
              "y": -0.11333333333333333
            },
            "size": {
              "width": 0.5,
              "height": 0.23999999999999977
            },
            "origin": {
              "x": 0.5,
              "y": 0.5
            },
            "scaleMode": "fit",
            "maintainAspectRatio": true,
            "rotation": 0,
            "isVisible": false
          }
        },
        "b9593da4-0ebf-49e8-b871-0888e77a585b": {
          "id": "b9593da4-0ebf-49e8-b871-0888e77a585b",
          "name": "cta",
          "type": "image",
          "key": "cta",
          "portrait": {
            "position": {
              "reference": "container",
              "x": 0.017333333333333333,
              "y": 0.38455772113943026
            },
            "size": {
              "width": 0.6000000000000001,
              "height": 0.5
            },
            "origin": {
              "x": 0.5,
              "y": 0.5
            },
            "scaleMode": "fit",
            "maintainAspectRatio": true,
            "rotation": 0,
            "isVisible": true
          },
          "landscape": {
            "position": {
              "reference": "container",
              "x": 0.34407796101949023,
              "y": 0.276
            },
            "size": {
              "width": 0.2900000000000001,
              "height": 0.24000000000000007
            },
            "origin": {
              "x": 0.5,
              "y": 0.5
            },
            "scaleMode": "fit",
            "maintainAspectRatio": true,
            "rotation": 0,
            "isVisible": true
          }
        },
        "e33501cf-06a0-4477-84b9-743114b6b910": {
          "id": "e33501cf-06a0-4477-84b9-743114b6b910",
          "name": "show-find1",
          "type": "image",
          "key": "show-find",
          "portrait": {
            "position": {
              "reference": "container",
              "x": -0.10666666666666669,
              "y": -0.25412293853073464
            },
            "size": {
              "width": 0.5,
              "height": 0.09999999999999969
            },
            "origin": {
              "x": 0.5,
              "y": 0.5
            },
            "scaleMode": "fit",
            "maintainAspectRatio": true,
            "rotation": 0,
            "isVisible": true
          },
          "landscape": {
            "position": {
              "reference": "container",
              "x": 0.29160419790104947,
              "y": 0.08933333333333333
            },
            "size": {
              "width": 0.09999999999999981,
              "height": 0.15999999999999984
            },
            "origin": {
              "x": 0.5,
              "y": 0.5
            },
            "scaleMode": "fit",
            "maintainAspectRatio": true,
            "rotation": 0,
            "isVisible": true
          }
        },
        "ec44e831-ff0d-41e8-8c21-a526e8aa9013": {
          "id": "ec44e831-ff0d-41e8-8c21-a526e8aa9013",
          "name": "show-find2",
          "type": "image",
          "key": "show-find",
          "portrait": {
            "position": {
              "reference": "container",
              "x": -0.0366666666666667,
              "y": -0.25412293853073464
            },
            "size": {
              "width": 0.5,
              "height": 0.09999999999999969
            },
            "origin": {
              "x": 0.5,
              "y": 0.5
            },
            "scaleMode": "fit",
            "maintainAspectRatio": true,
            "rotation": 0,
            "isVisible": true
          },
          "landscape": {
            "position": {
              "reference": "container",
              "x": 0.32908545727136435,
              "y": 0.08666666666666667
            },
            "size": {
              "width": 0.09999999999999981,
              "height": 0.15999999999999984
            },
            "origin": {
              "x": 0.5,
              "y": 0.5
            },
            "scaleMode": "fit",
            "maintainAspectRatio": true,
            "rotation": 0,
            "isVisible": true
          }
        },
        "fd7a81d3-7a95-47f7-8621-a406569e4702": {
          "id": "fd7a81d3-7a95-47f7-8621-a406569e4702",
          "name": "show-find3",
          "type": "image",
          "key": "show-find",
          "portrait": {
            "position": {
              "reference": "container",
              "x": 0.033333333333333305,
              "y": -0.25412293853073464
            },
            "size": {
              "width": 0.5,
              "height": 0.09999999999999969
            },
            "origin": {
              "x": 0.5,
              "y": 0.5
            },
            "scaleMode": "fit",
            "maintainAspectRatio": true,
            "rotation": 0,
            "isVisible": true
          },
          "landscape": {
            "position": {
              "reference": "container",
              "x": 0.3690854572713644,
              "y": 0.08666666666666667
            },
            "size": {
              "width": 0.09999999999999981,
              "height": 0.15999999999999984
            },
            "origin": {
              "x": 0.5,
              "y": 0.5
            },
            "scaleMode": "fit",
            "maintainAspectRatio": true,
            "rotation": 0,
            "isVisible": true
          }
        },
        "2665197f-1223-4079-af3b-2d0f8c0f6e54": {
          "id": "2665197f-1223-4079-af3b-2d0f8c0f6e54",
          "name": "show-find4",
          "type": "image",
          "key": "show-find",
          "portrait": {
            "position": {
              "reference": "container",
              "x": 0.11333333333333329,
              "y": -0.25412293853073464
            },
            "size": {
              "width": 0.5,
              "height": 0.09999999999999969
            },
            "origin": {
              "x": 0.5,
              "y": 0.5
            },
            "scaleMode": "fit",
            "maintainAspectRatio": true,
            "rotation": 0,
            "isVisible": true
          },
          "landscape": {
            "position": {
              "reference": "container",
              "x": 0.4090854572713644,
              "y": 0.08666666666666667
            },
            "size": {
              "width": 0.09999999999999981,
              "height": 0.15999999999999984
            },
            "origin": {
              "x": 0.5,
              "y": 0.5
            },
            "scaleMode": "fit",
            "maintainAspectRatio": true,
            "rotation": 0,
            "isVisible": true
          }
        },
        "c38e4a3d-2082-4d1b-87a6-7bb66f7bd5e2": {
          "id": "c38e4a3d-2082-4d1b-87a6-7bb66f7bd5e2",
          "name": "show-found1",
          "type": "image",
          "key": "show-found",
          "portrait": {
            "position": {
              "reference": "container",
              "x": -0.10666666666666669,
              "y": -0.25412293853073464
            },
            "size": {
              "width": 0.5,
              "height": 0.09999999999999969
            },
            "origin": {
              "x": 0.5,
              "y": 0.5
            },
            "scaleMode": "fit",
            "maintainAspectRatio": true,
            "rotation": 0,
            "isVisible": false
          },
          "landscape": {
            "position": {
              "reference": "container",
              "x": 0.29160419790104947,
              "y": 0.08933333333333333
            },
            "size": {
              "width": 0.09999999999999981,
              "height": 0.15999999999999984
            },
            "origin": {
              "x": 0.5,
              "y": 0.5
            },
            "scaleMode": "fit",
            "maintainAspectRatio": true,
            "rotation": 0,
            "isVisible": false
          }
        },
        "c47a5392-dc6a-434a-a20a-180d4e9a799f": {
          "id": "c47a5392-dc6a-434a-a20a-180d4e9a799f",
          "name": "show-found2",
          "type": "image",
          "key": "show-found",
          "portrait": {
            "position": {
              "reference": "container",
              "x": -0.0366666666666667,
              "y": -0.25412293853073464
            },
            "size": {
              "width": 0.5,
              "height": 0.09999999999999969
            },
            "origin": {
              "x": 0.5,
              "y": 0.5
            },
            "scaleMode": "fit",
            "maintainAspectRatio": true,
            "rotation": 0,
            "isVisible": false
          },
          "landscape": {
            "position": {
              "reference": "container",
              "x": 0.32908545727136435,
              "y": 0.08666666666666667
            },
            "size": {
              "width": 0.09999999999999981,
              "height": 0.15999999999999984
            },
            "origin": {
              "x": 0.5,
              "y": 0.5
            },
            "scaleMode": "fit",
            "maintainAspectRatio": true,
            "rotation": 0,
            "isVisible": false
          }
        },
        "079049a4-025e-4e65-86c5-eae835e2468a": {
          "id": "079049a4-025e-4e65-86c5-eae835e2468a",
          "name": "show-found3",
          "type": "image",
          "key": "show-found",
          "portrait": {
            "position": {
              "reference": "container",
              "x": 0.033333333333333305,
              "y": -0.25412293853073464
            },
            "size": {
              "width": 0.5,
              "height": 0.09999999999999969
            },
            "origin": {
              "x": 0.5,
              "y": 0.5
            },
            "scaleMode": "fit",
            "maintainAspectRatio": true,
            "rotation": 0,
            "isVisible": false
          },
          "landscape": {
            "position": {
              "reference": "container",
              "x": 0.3690854572713644,
              "y": 0.08666666666666667
            },
            "size": {
              "width": 0.09999999999999981,
              "height": 0.15999999999999984
            },
            "origin": {
              "x": 0.5,
              "y": 0.5
            },
            "scaleMode": "fit",
            "maintainAspectRatio": true,
            "rotation": 0,
            "isVisible": false
          }
        },
        "328cb4cc-0994-4bb6-bcbb-0a0d834baed6": {
          "id": "328cb4cc-0994-4bb6-bcbb-0a0d834baed6",
          "name": "show-found4",
          "type": "image",
          "key": "show-found",
          "portrait": {
            "position": {
              "reference": "container",
              "x": 0.11333333333333329,
              "y": -0.25412293853073464
            },
            "size": {
              "width": 0.5,
              "height": 0.09999999999999969
            },
            "origin": {
              "x": 0.5,
              "y": 0.5
            },
            "scaleMode": "fit",
            "maintainAspectRatio": true,
            "rotation": 0,
            "isVisible": false
          },
          "landscape": {
            "position": {
              "reference": "container",
              "x": 0.4090854572713644,
              "y": 0.08666666666666667
            },
            "size": {
              "width": 0.09999999999999981,
              "height": 0.15999999999999984
            },
            "origin": {
              "x": 0.5,
              "y": 0.5
            },
            "scaleMode": "fit",
            "maintainAspectRatio": true,
            "rotation": 0,
            "isVisible": false
          }
        },
        "a70358ed-ec2d-4239-aa31-814dc736fe63": {
          "id": "a70358ed-ec2d-4239-aa31-814dc736fe63",
          "name": "find-key-1",
          "type": "image",
          "key": "find-key-1",
          "portrait": {
            "position": {
              "reference": "ceb4810a-354f-44fd-ba1e-267dbd7a0d31",
              "x": 0.28435516718764803,
              "y": -0.2683658170914541
            },
            "size": {
              "width": 0.31999999999999984,
              "height": 0.5
            },
            "origin": {
              "x": 0.5,
              "y": 0.5
            },
            "scaleMode": "fit",
            "maintainAspectRatio": true,
            "rotation": 0,
            "isVisible": true
          },
          "landscape": {
            "position": {
              "reference": "ceb4810a-354f-44fd-ba1e-267dbd7a0d31",
              "x": 0.3058160462252533,
              "y": -0.26897035353291077
            },
            "size": {
              "width": 0.2599999999999998,
              "height": 0.5
            },
            "origin": {
              "x": 0.5,
              "y": 0.5
            },
            "scaleMode": "fit",
            "maintainAspectRatio": true,
            "rotation": 0,
            "isVisible": true
          }
        },
        "48e98cef-c2de-4164-8919-f5681c12c1cf": {
          "id": "48e98cef-c2de-4164-8919-f5681c12c1cf",
          "name": "find-key-2",
          "type": "image",
          "key": "find-key-2",
          "portrait": {
            "position": {
              "reference": "container",
              "x": 0.1044771062181328,
              "y": -0.08545727136431767
            },
            "size": {
              "width": 0.1499999999999997,
              "height": 0.5
            },
            "origin": {
              "x": 0.5,
              "y": 0.5
            },
            "scaleMode": "fit",
            "maintainAspectRatio": true,
            "rotation": 0,
            "isVisible": true
          },
          "landscape": {
            "position": {
              "reference": "container",
              "x": 0.06743523663005098,
              "y": -0.1420817978107719
            },
            "size": {
              "width": 0.0799999999999997,
              "height": 0.5
            },
            "origin": {
              "x": 0.5,
              "y": 0.5
            },
            "scaleMode": "fit",
            "maintainAspectRatio": true,
            "rotation": 0,
            "isVisible": true
          }
        },
        "5c7b20fc-2e3b-4d38-9447-0c70f0ad5402": {
          "id": "5c7b20fc-2e3b-4d38-9447-0c70f0ad5402",
          "name": "find-key-3",
          "type": "image",
          "key": "find-key-3",
          "portrait": {
            "position": {
              "reference": "container",
              "x": -0.5061895604485339,
              "y": 0.33283358320839596
            },
            "size": {
              "width": 0.1499999999999997,
              "height": 0.5
            },
            "origin": {
              "x": 0.5,
              "y": 0.5
            },
            "scaleMode": "fit",
            "maintainAspectRatio": true,
            "rotation": 0,
            "isVisible": true
          },
          "landscape": {
            "position": {
              "reference": "container",
              "x": -0.323869111196036,
              "y": 0.5112515355225614
            },
            "size": {
              "width": 0.0799999999999997,
              "height": 0.5
            },
            "origin": {
              "x": 0.5,
              "y": 0.5
            },
            "scaleMode": "fit",
            "maintainAspectRatio": true,
            "rotation": 0,
            "isVisible": true
          }
        },
        "eabf4b2c-15a3-4357-928f-478c088a2872": {
          "id": "eabf4b2c-15a3-4357-928f-478c088a2872",
          "name": "find-key-4",
          "type": "image",
          "key": "find-key-4",
          "portrait": {
            "position": {
              "reference": "container",
              "x": 0.5831437728847996,
              "y": 0.3113493253373315
            },
            "size": {
              "width": 0.1499999999999997,
              "height": 0.5
            },
            "origin": {
              "x": 0.5,
              "y": 0.5
            },
            "scaleMode": "fit",
            "maintainAspectRatio": true,
            "rotation": 0,
            "isVisible": true
          },
          "landscape": {
            "position": {
              "reference": "container",
              "x": 0.5827575754606358,
              "y": 0.714584868855895
            },
            "size": {
              "width": 0.0799999999999997,
              "height": 0.5
            },
            "origin": {
              "x": 0.5,
              "y": 0.5
            },
            "scaleMode": "fit",
            "maintainAspectRatio": true,
            "rotation": 0,
            "isVisible": true
          }
        }
      }
    }
  }
}