{
  "containers": {
    "main-container": {
      "portrait": {
        "x": 0.5,
        "y": 0.5,
        "width": 1,
        "height": 1
      },
      "landscape": {
        "x": 0.5,
        "y": 0.5,
        "width": 1,
        "height": 1
      },
      "assets": {
        "c5c59d61-5409-4099-87cb-ec402ee64ed8": {
          "id": "c5c59d61-5409-4099-87cb-ec402ee64ed8",
          "name": "end-bg",
          "type": "image",
          "key": "end-bg",
          "portrait": {
            "position": {
              "reference": "container",
              "x": 0,
              "y": 0
            },
            "size": {
              "width": 1,
              "height": 1
            },
            "origin": {
              "x": 0.5,
              "y": 0.5
            },
            "scaleMode": "fill",
            "maintainAspectRatio": true,
            "rotation": 0,
            "isVisible": true
          },
          "landscape": {
            "position": {
              "reference": "container",
              "x": 0,
              "y": 0
            },
            "size": {
              "width": 1,
              "height": 1
            },
            "origin": {
              "x": 0.5,
              "y": 0.5
            },
            "scaleMode": "fill",
            "maintainAspectRatio": true,
            "rotation": 0,
            "isVisible": true
          }
        },
        "b7277bec-a615-4140-a05e-2891b5fccb6c": {
          "id": "b7277bec-a615-4140-a05e-2891b5fccb6c",
          "name": "chair",
          "type": "image",
          "key": "chair",
          "portrait": {
            "position": {
              "reference": "container",
              "x": 0.23333333333333334,
              "y": 0.15067466266866567
            },
            "size": {
              "width": 0.8800000000000003,
              "height": 0.8600000000000003
            },
            "origin": {
              "x": 0.5,
              "y": 0.5
            },
            "scaleMode": "fit",
            "maintainAspectRatio": true,
            "rotation": 0,
            "isVisible": true
          },
          "landscape": {
            "position": {
              "reference": "container",
              "x": -0.05922038980509745,
              "y": 0.017333333333333333
            },
            "size": {
              "width": 0.52,
              "height": 0.9900000000000004
            },
            "origin": {
              "x": 0.5,
              "y": 0.5
            },
            "scaleMode": "fit",
            "maintainAspectRatio": true,
            "rotation": 0,
            "isVisible": true
          }
        },
        "45629f4a-7073-46c6-a0d1-66e52fd3ec1d": {
          "id": "45629f4a-7073-46c6-a0d1-66e52fd3ec1d",
          "name": "sherlock",
          "type": "image",
          "key": "sherlock",
          "portrait": {
            "position": {
              "reference": "container",
              "x": -0.292,
              "y": 0.22263868065967016
            },
            "size": {
              "width": 1.0600000000000005,
              "height": 0.9500000000000004
            },
            "origin": {
              "x": 0.5,
              "y": 0.5
            },
            "scaleMode": "fit",
            "maintainAspectRatio": true,
            "rotation": 0,
            "isVisible": true
          },
          "landscape": {
            "position": {
              "reference": "container",
              "x": -0.23163418290854576,
              "y": 0.13733333333333334
            },
            "size": {
              "width": 0.52,
              "height": 1.3500000000000008
            },
            "origin": {
              "x": 0.5,
              "y": 0.5
            },
            "scaleMode": "fit",
            "maintainAspectRatio": true,
            "rotation": 0,
            "isVisible": true
          }
        },
        "a89969ce-15dc-4698-a974-51a54d5e733d": {
          "id": "a89969ce-15dc-4698-a974-51a54d5e733d",
          "name": "cta",
          "type": "image",
          "key": "cta",
          "portrait": {
            "position": {
              "reference": "container",
              "x": 0.009333333333333334,
              "y": 0.3740629685157421
            },
            "size": {
              "width": 0.7000000000000002,
              "height": 0.5
            },
            "origin": {
              "x": 0.5,
              "y": 0.5
            },
            "scaleMode": "fit",
            "maintainAspectRatio": true,
            "rotation": 0,
            "isVisible": true
          },
          "landscape": {
            "position": {
              "reference": "container",
              "x": 0.30509745127436283,
              "y": 0.26
            },
            "size": {
              "width": 0.30999999999999983,
              "height": 0.51
            },
            "origin": {
              "x": 0.5,
              "y": 0.5
            },
            "scaleMode": "fit",
            "maintainAspectRatio": true,
            "rotation": 0,
            "isVisible": true
          }
        },
        "ceca9351-d4bc-4833-9404-06f2581a8eb7": {
          "id": "ceca9351-d4bc-4833-9404-06f2581a8eb7",
          "name": "logo",
          "type": "image",
          "key": "logo",
          "portrait": {
            "position": {
              "reference": "container",
              "x": 0.006666666666666667,
              "y": -0.4280359820089955
            },
            "size": {
              "width": 0.19999999999999973,
              "height": 0.51
            },
            "origin": {
              "x": 0.5,
              "y": 0.5
            },
            "scaleMode": "fit",
            "maintainAspectRatio": true,
            "rotation": 0,
            "isVisible": true
          },
          "landscape": {
            "position": {
              "reference": "container",
              "x": 0.3065967016491754,
              "y": -0.212
            },
            "size": {
              "width": 0.48,
              "height": 0.24999999999999978
            },
            "origin": {
              "x": 0.5,
              "y": 0.5
            },
            "scaleMode": "fit",
            "maintainAspectRatio": true,
            "rotation": 0,
            "isVisible": true
          }
        },
        "c0d52c04-453b-4a8d-adfe-09d6c979017d": {
          "id": "c0d52c04-453b-4a8d-adfe-09d6c979017d",
          "name": "seek-find-text",
          "type": "image",
          "key": "seek-find-text",
          "portrait": {
            "position": {
              "reference": "container",
              "x": 0.012,
              "y": -0.31259370314842577
            },
            "size": {
              "width": 0.5700000000000001,
              "height": 0.5
            },
            "origin": {
              "x": 0.5,
              "y": 0.5
            },
            "scaleMode": "fit",
            "maintainAspectRatio": true,
            "rotation": 0,
            "isVisible": true
          },
          "landscape": {
            "position": {
              "reference": "container",
              "x": 0.308095952023988,
              "y": 0.02
            },
            "size": {
              "width": 0.32999999999999985,
              "height": 0.5
            },
            "origin": {
              "x": 0.5,
              "y": 0.5
            },
            "scaleMode": "fit",
            "maintainAspectRatio": true,
            "rotation": 0,
            "isVisible": true
          }
        }
      }
    }
  }
}