{
  "containers": {
    "main-container": {
      "portrait": {
        "x": 0.5,
        "y": 0.5,
        "width": 1,
        "height": 1
      },
      "landscape": {
        "x": 0.5,
        "y": 0.5,
        "width": 1,
        "height": 1
      },
      "assets": {
        "6253c383-df3d-40f0-a29f-ab6ca8d317f3": {
          "id": "6253c383-df3d-40f0-a29f-ab6ca8d317f3",
          "name": "dim-bg",
          "type": "image",
          "key": "dim-bg",
          "portrait": {
            "position": {
              "reference": "container",
              "x": 0,
              "y": 0
            },
            "size": {
              "width": 1,
              "height": 1
            },
            "origin": {
              "x": 0.5,
              "y": 0.5
            },
            "scaleMode": "fill",
            "maintainAspectRatio": true,
            "rotation": 0,
            "isVisible": true
          },
          "landscape": {
            "position": {
              "reference": "container",
              "x": 0,
              "y": 0
            },
            "size": {
              "width": 1,
              "height": 1
            },
            "origin": {
              "x": 0.5,
              "y": 0.5
            },
            "scaleMode": "fill",
            "maintainAspectRatio": true,
            "rotation": 0,
            "isVisible": true
          }
        },
        "b6efbb51-4436-41ce-a81e-5617bd914998": {
          "id": "b6efbb51-4436-41ce-a81e-5617bd914998",
          "name": "incomplete-loader",
          "type": "image",
          "key": "incomplete-loader",
          "portrait": {
            "position": {
              "reference": "container",
              "x": 0.012,
              "y": 0.011244377811094454
            },
            "size": {
              "width": 0.8999999999999999,
              "height": 0.8999999999999999
            },
            "origin": {
              "x": 0.5,
              "y": 0.5
            },
            "scaleMode": "fit",
            "maintainAspectRatio": true,
            "rotation": 0,
            "isVisible": true
          },
          "landscape": {
            "position": {
              "reference": "container",
              "x": 0.020239880059970013,
              "y": 0.017333333333333333
            },
            "size": {
              "width": 0.7999999999999999,
              "height": 0.7999999999999999
            },
            "origin": {
              "x": 0.5,
              "y": 0.5
            },
            "scaleMode": "fit",
            "maintainAspectRatio": true,
            "rotation": 0,
            "isVisible": true
          }
        },
        "5384fe10-67d5-49b7-92f8-0c35b3545b4e": {
          "id": "5384fe10-67d5-49b7-92f8-0c35b3545b4e",
          "name": "logo",
          "type": "image",
          "key": "logo",
          "portrait": {
            "position": {
              "reference": "container",
              "x": 0.006666666666666667,
              "y": -0.18065967016491755
            },
            "size": {
              "width": 0.21000000000000005,
              "height": 0.21000000000000005
            },
            "origin": {
              "x": 0.5,
              "y": 0.5
            },
            "scaleMode": "fit",
            "maintainAspectRatio": true,
            "rotation": 0,
            "isVisible": true
          },
          "landscape": {
            "position": {
              "reference": "container",
              "x": 0.017241379310344827,
              "y": -0.364
            },
            "size": {
              "width": 0.48,
              "height": 0.20999999999999974
            },
            "origin": {
              "x": 0.5,
              "y": 0.5
            },
            "scaleMode": "fit",
            "maintainAspectRatio": true,
            "rotation": 0,
            "isVisible": true
          }
        },
        "fa037045-b85b-4846-83de-07324642adb9": {
          "id": "fa037045-b85b-4846-83de-07324642adb9",
          "name": "seek-find-text",
          "type": "image",
          "key": "seek-find-text",
          "portrait": {
            "position": {
              "reference": "container",
              "x": -0.004,
              "y": -0.068215892053973
            },
            "size": {
              "width": 0.5,
              "height": 0.5
            },
            "origin": {
              "x": 0.5,
              "y": 0.5
            },
            "scaleMode": "fit",
            "maintainAspectRatio": true,
            "rotation": 0,
            "isVisible": true
          },
          "landscape": {
            "position": {
              "reference": "container",
              "x": 0.023238380809595203,
              "y": -0.148
            },
            "size": {
              "width": 0.30000000000000004,
              "height": 0.30000000000000004
            },
            "origin": {
              "x": 0.5,
              "y": 0.5
            },
            "scaleMode": "fit",
            "maintainAspectRatio": true,
            "rotation": 0,
            "isVisible": true
          }
        },
        "0a1c41f5-b552-4ff5-9211-e2d605ab164d": {
          "id": "0a1c41f5-b552-4ff5-9211-e2d605ab164d",
          "name": "complete-loader",
          "type": "image",
          "key": "complete-loader",
          "portrait": {
            "position": {
              "reference": "container",
              "x": 0.012,
              "y": 0.011244377811094454
            },
            "size": {
              "width": 0.8999999999999999,
              "height": 0.8999999999999999
            },
            "origin": {
              "x": 0.5,
              "y": 0.5
            },
            "scaleMode": "fit",
            "maintainAspectRatio": true,
            "rotation": 0,
            "isVisible": false
          },
          "landscape": {
            "position": {
              "reference": "container",
              "x": 0.020239880059970013,
              "y": 0.017333333333333333
            },
            "size": {
              "width": 0.7999999999999999,
              "height": 0.7999999999999999
            },
            "origin": {
              "x": 0.5,
              "y": 0.5
            },
            "scaleMode": "fit",
            "maintainAspectRatio": true,
            "rotation": 0,
            "isVisible": false
          }
        }
      },
      "children": {
        "loading-text-container": {
          "portrait": {
            "x": 0.5127757464799646,
            "y": 0.6104604571839319,
            "width": 0.7373817507474635,
            "height": 0.09317319359719989
          },
          "landscape": {
            "x": 0.5285139913247712,
            "y": 0.6953111857191973,
            "width": 0.474200889621697,
            "height": 0.17686465429430773
          }
        }
      }
    }
  }
}